name,datetime,temp,feelslike,dew,humidity,precip,precipprob,preciptype,snow,snowdepth,windgust,windspeed,winddir,sealevelpressure,cloudcover,visibility,solarradiation,solarenergy,uvindex,severerisk,conditions,icon,stations
bangkok,2026-04-10T00:00:00,30,36.1,25,74.62,0,0,,0,0,25.6,14.9,197,1011,25,10,0,0,0,3,Partially cloudy,partly-cloudy-night,"E4214,VTBS,VTBD"
bangkok,2026-04-10T01:00:00,29.6,35.5,25,76.21,0,0,,0,0,25.2,18,187,1010,25,10,0,0,0,10,Partially cloudy,partly-cloudy-night,"E4214,VTBS,VTBD"
bangkok,2026-04-10T02:00:00,29,34.4,25,79.05,0,0,,0,0,18.7,13.6,187,1009,25,10,0,0,0,30,Partially cloudy,partly-cloudy-night,"E4214,VTBS,VTBD"
bangkok,2026-04-10T03:00:00,29,35.1,25.6,82.09,0,0,,0,0,16.2,14.1,184,1009,25,10,0,0,0,30,Partially cloudy,partly-cloudy-night,"E4214,VTBS,VTBD"
bangkok,2026-04-10T04:00:00,29,35.5,26,83.89,0,0,,0,0,13,11.2,184,1009,25,10,0,0,0,30,Partially cloudy,partly-cloudy-night,"E4214,VTBS,VTBD"
bangkok,2026-04-10T05:00:00,29,35.5,26,83.89,0,0,,0,0,12.2,13.6,186,1009,25,10,0,0,0,30,Partially cloudy,partly-cloudy-night,"E4214,VTBS,VTBD"
bangkok,2026-04-10T06:00:00,29,35.1,25.6,82.09,0,0,,0,0,12.6,11.3,167,1010,25,10,3,0,0,30,Partially cloudy,partly-cloudy-night,"E4214,VTBS,VTBD"
bangkok,2026-04-10T07:00:00,29.3,35.7,25.6,80.38,0,0,,0,0,16.2,13.6,167,1010,25,10,68,0.2,1,30,Partially cloudy,partly-cloudy-day,"E4214,VTBS,VTBD"
bangkok,2026-04-10T08:00:00,30.3,37.4,25.6,75.88,0,0,,0,0,22.7,16.9,174,1011,25,10,276,1,3,30,Partially cloudy,partly-cloudy-day,"E4214,VTBS,VTBD"
bangkok,2026-04-10T09:00:00,32.2,39.4,25,65.57,0,0,,0,0,23.4,15.7,184,1012,25,10,521,1.9,5,10,Partially cloudy,partly-cloudy-day,"E4214,VTBS,VTBD"
bangkok,2026-04-10T10:00:00,33.9,40.3,24,56.34,0,0,,0,0,23.8,13.8,193,1012,25,10,845,3,8,10,Partially cloudy,partly-cloudy-day,"E4214,VTBS,VTBD"
bangkok,2026-04-10T11:00:00,34.9,40.1,22.7,49.36,0,0,,0,0,25.9,14.1,212,1012,25,10,747,2.7,7,10,Partially cloudy,partly-cloudy-day,"E4214,VTBS,VTBD"
bangkok,2026-04-10T12:00:00,34.9,40.8,23.3,51.29,0,0,,0,0,28.8,15.7,206,1011.4,34.1,10,776,2.8,8,30,Partially cloudy,partly-cloudy-day,"E4214,VTBS,VTBD"
bangkok,2026-04-10T13:00:00,35.2,42.1,24,52.22,0,0,,0,0,31,15.7,187,1010.4,34.1,10,747,2.7,7,30,Partially cloudy,partly-cloudy-day,"E4214,VTBS,VTBD"
bangkok,2026-04-10T14:00:00,35.2,41.2,23.2,49.97,0,0,,0,0,31.3,16.6,211,1009,25,10,707,2.5,7,30,Partially cloudy,partly-cloudy-day,"E4214,VTBS,VTBD"
bangkok,2026-04-10T15:00:00,35.6,41.7,23.2,48.97,0,0,,0,0,33.1,17.7,197,1008,25,10,373,1.3,4,10,Partially cloudy,partly-cloudy-day,"E4214,VTBS,VTBD"
bangkok,2026-04-10T16:00:00,35.6,41.3,22.9,48.18,0,0,,0,0,33.5,17.2,195,1007,25,10,328,1.2,3,10,Partially cloudy,partly-cloudy-day,"E4214,VTBS,VTBD"
bangkok,2026-04-10T17:00:00,34.9,39,21.7,46.44,0,0,,0,0,33.5,13.8,206,1007,25,10,139,0.5,1,10,Partially cloudy,partly-cloudy-day,"E4214,VTBS,VTBD"
bangkok,2026-04-10T18:00:00,33.2,37.6,22.3,52.88,0,0,,0,0,32.4,16.6,197,1007.4,25,10,19,0.1,0,30,Partially cloudy,partly-cloudy-day,"E4214,VTBS,VTBD"
bangkok,2026-04-10T19:00:00,31.2,36.1,23.3,62.91,0,0,,0,0,28.8,16.9,175,1008,25,10,0,0,0,8,Partially cloudy,partly-cloudy-night,"E4214,VTBS,VTBD"
bangkok,2026-04-10T20:00:00,30.6,36.3,24.3,69.28,0,0,,0,0,24.8,17.2,194,1008,25,10,0,0,0,3,Partially cloudy,partly-cloudy-night,"E4214,VTBS,VTBD"
bangkok,2026-04-10T21:00:00,30,35.7,24.6,73.01,0,0,,0,0,25.2,16.9,200,1009,25,10,0,0,0,8,Partially cloudy,partly-cloudy-night,"E4214,VTBS,VTBD"
bangkok,2026-04-10T22:00:00,30,35.7,24.6,73.01,0,0,,0,0,26.6,18.4,196,1009,25,10,0,0,0,8,Partially cloudy,partly-cloudy-night,"E4214,VTBS,VTBD"
bangkok,2026-04-10T23:00:00,29,33.5,24,74.46,0,0,,0,0,29.2,18,200,1010,25,10,0,0,0,3,Partially cloudy,partly-cloudy-night,"E4214,VTBS,VTBD"
bangkok,2026-04-11T00:00:00,29,33.5,24,74.46,0,0,,0,0,30.6,15.4,210,1009,25,10,0,0,0,3,Partially cloudy,partly-cloudy-night,"E4214,VTBS,VTBD"
bangkok,2026-04-11T01:00:00,29,34.4,25,79.05,0,0,,0,0,30.6,18,204,1009,25,10,0,0,0,3,Partially cloudy,partly-cloudy-night,"E4214,VTBS,VTBD"
bangkok,2026-04-11T02:00:00,29,34.4,25,79.05,0,0,,0,0,24.8,13.4,194,1008,25,10,0,0,0,30,Partially cloudy,partly-cloudy-night,"E4214,VTBS,VTBD"
bangkok,2026-04-11T03:00:00,28.6,33.8,25,80.75,0,0,,0,0,21.6,13,177,1008,25,10,0,0,0,30,Partially cloudy,partly-cloudy-night,"E4214,VTBS,VTBD"
bangkok,2026-04-11T04:00:00,29,34.4,25,79.05,0,0,,0,0,16.9,11.3,174,1008,25,10,0,0,0,30,Partially cloudy,partly-cloudy-night,"E4214,VTBS,VTBD"
bangkok,2026-04-11T05:00:00,29,35.1,25.6,82.09,0,0,,0,0,12.6,9.4,188,1009,25,10,0,0,0,30,Partially cloudy,partly-cloudy-night,"E4214,VTBS,VTBD"
bangkok,2026-04-11T06:00:00,29,35.1,25.6,82.09,0,0,,0,0,9.7,10.7,170,1009,25,10,4,0,0,30,Partially cloudy,partly-cloudy-night,"E4214,VTBS,VTBD"
bangkok,2026-04-11T07:00:00,29,35.5,26,83.89,0,0,,0,0,11.5,9.4,171,1010,25,10,63,0.2,1,30,Partially cloudy,partly-cloudy-day,"E4214,VTBS,VTBD"
bangkok,2026-04-11T08:00:00,30.6,38.4,26,76.36,0,0,,0,0,18,12.5,186,1011,25,10,312,1.1,3,10,Partially cloudy,partly-cloudy-day,"E4214,VTBS,VTBD"
bangkok,2026-04-11T09:00:00,32,37.1,23.3,60.35,0,0,,0,0,21.6,13.6,225,1011.6,25,10,586,2.1,6,10,Partially cloudy,partly-cloudy-day,"E4214,VTBS,VTBD"
bangkok,2026-04-11T10:00:00,33.6,36.1,20.1,45.35,0,0,,0,0,24.5,12.8,240,1012,25,10,811,2.9,8,3,Partially cloudy,partly-cloudy-day,"E4214,VTBS,VTBD"
bangkok,2026-04-11T11:00:00,34.6,36.4,18.9,39.63,0,0,,0,0,26.6,13,233,1011,25,10,770,2.8,8,10,Partially cloudy,partly-cloudy-day,"E4214,VTBS,VTBD"
bangkok,2026-04-11T12:00:00,35.5,37,18.2,36.23,0,0,,0,0,27.4,14.3,193,1010.4,25,10,715,2.6,7,10,Partially cloudy,partly-cloudy-day,"E4214,VTBS,VTBD"
bangkok,2026-04-11T13:00:00,36.5,37.8,17.6,32.95,0,0,,0,0,27.7,17.2,215,1009,25,10,743,2.7,7,10,Partially cloudy,partly-cloudy-day,"E4214,VTBS,VTBD"
bangkok,2026-04-11T14:00:00,36.5,37.5,17.2,32.2,0,0,,0,0,25.9,15.4,234,1008,25,10,683,2.5,7,3,Partially cloudy,partly-cloudy-day,"E4214,VTBS,VTBD"
bangkok,2026-04-11T15:00:00,37.5,38.9,17.5,31.01,0,0,,0,0,26.3,13.6,200,1006.4,25,10,392,1.4,4,3,Partially cloudy,partly-cloudy-day,"E4214,VTBS,VTBD"
bangkok,2026-04-11T16:00:00,36.6,39.6,19.9,37.95,0,0,,0,0,26.6,13.1,222,1006,25,10,356,1.3,4,5,Partially cloudy,partly-cloudy-day,"E4214,VTBS,VTBD"
bangkok,2026-04-11T17:00:00,36.9,39.4,19.3,35.95,0,0,,0,0,27.7,15.4,180,1005.4,25,10,151,0.5,2,3,Partially cloudy,partly-cloudy-day,"E4214,VTBS,VTBD"
bangkok,2026-04-11T18:00:00,34.9,36.8,19,39.47,0,0,,0,0,27.7,17.2,171,1005.4,25,10,18,0.1,0,3,Partially cloudy,partly-cloudy-day,"E4214,VTBS,VTBD"
bangkok,2026-04-11T19:00:00,32.9,36.3,21.4,51.08,0,0,,0,0,24.8,19.1,181,1006.4,25,10,0,0,0,3,Partially cloudy,partly-cloudy-night,"E4214,VTBS,VTBD"
bangkok,2026-04-11T20:00:00,31,36.8,24.3,67.84,0,0,,0,0,23,21.2,204,1007,25,10,0,0,0,3,Partially cloudy,partly-cloudy-night,"E4214,VTBS,VTBD"
bangkok,2026-04-11T21:00:00,30.6,37.5,25.3,73.54,0,0,,0,0,23.8,22.5,194,1008,25,10,0,0,0,8,Partially cloudy,partly-cloudy-night,"E4214,VTBS,VTBD"
bangkok,2026-04-11T22:00:00,30,36.1,25,74.62,0,0,,0,0,24.8,25.4,190,1008,25,10,0,0,0,8,Partially cloudy,partly-cloudy-night,"E4214,VTBS,VTBD"
bangkok,2026-04-11T23:00:00,29.6,35.5,25,76.21,0,0,,0,0,25.9,21.2,194,1008.4,25,10,0,0,0,30,Partially cloudy,partly-cloudy-night,"E4214,VTBS,VTBD"
bangkok,2026-04-12T00:00:00,29.6,35.5,25,76.21,0,0,,0,0,26.3,21.1,196,1008,25,10,0,0,0,30,Partially cloudy,partly-cloudy-night,"E4214,VTBS,VTBD"
bangkok,2026-04-12T01:00:00,29.6,35.5,25,76.21,0,0,,0,0,25.9,19.8,190,1007,25,10,0,0,0,30,Partially cloudy,partly-cloudy-night,"E4214,VTBS,VTBD"
bangkok,2026-04-12T02:00:00,29,34.4,25,79.05,0,0,,0,0,23,17.5,190,1007,25,10,0,0,0,30,Partially cloudy,partly-cloudy-night,"E4214,VTBS,VTBD"
bangkok,2026-04-12T03:00:00,29,34.4,25,79.05,0,0,,0,0,20.9,15.4,194,1006,25,10,0,0,0,30,Partially cloudy,partly-cloudy-night,"E4214,VTBS,VTBD"
bangkok,2026-04-12T04:00:00,29,34.4,25,79.05,0,0,,0,0,17.3,11.8,190,1006,25,10,0,0,0,30,Partially cloudy,partly-cloudy-night,"E4214,VTBS,VTBD"
bangkok,2026-04-12T05:00:00,29,34.4,25,79.05,0,0,,0,0,13.7,10,177,1007,25,10,0,0,0,30,Partially cloudy,partly-cloudy-night,"E4214,VTBS,VTBD"
bangkok,2026-04-12T06:00:00,29,34.4,25,79.05,0,0,,0,0,10.1,8.9,155,1007,25,10,0,0,0,30,Partially cloudy,partly-cloudy-night,"E4214,VTBS,VTBD"
bangkok,2026-04-12T07:00:00,29.3,35.7,25.6,80.38,0,0,,0,0,11.9,8.9,136,1008,25,10,63,0.2,1,30,Partially cloudy,partly-cloudy-day,"E4214,VTBS,VTBD"
bangkok,2026-04-12T08:00:00,31,39,26,74.78,0,0,,0,0,16.2,11.8,146,1009,25,10,239,0.9,2,10,Partially cloudy,partly-cloudy-day,"E4214,VTBS,VTBD"
bangkok,2026-04-12T09:00:00,32,37.8,24,62.7,0,0,,0,0,19.1,10.8,224,1009,25,10,625,2.3,6,3,Partially cloudy,partly-cloudy-day,"E4214,VTBS,VTBD"
bangkok,2026-04-12T10:00:00,33.6,36.9,21,47.94,0,0,,0,0,21.2,14.3,205,1009,25,10,769,2.8,8,3,Partially cloudy,partly-cloudy-day,"E4214,VTBS,VTBD"
bangkok,2026-04-12T11:00:00,34.6,37.3,20.1,42.89,0,0,,0,0,23.4,15.2,234,1009,25,10,742,2.7,7,10,Partially cloudy,partly-cloudy-day,"E4214,VTBS,VTBD"
bangkok,2026-04-12T12:00:00,35.9,38.5,19.8,39.08,0,0,,0,0,26.3,15.2,180,1008,25,10,737,2.7,7,3,Partially cloudy,partly-cloudy-day,"E4214,VTBS,VTBD"
bangkok,2026-04-12T13:00:00,36.5,39.6,20.1,38.61,0,0,,0,0,28.8,15.2,200,1007.4,25,10,670,2.4,7,3,Partially cloudy,partly-cloudy-day,"E4214,VTBS,VTBD"
bangkok,2026-04-12T14:00:00,36.9,39.8,19.8,37,0,0,,0,0,29.9,18.4,238,1006,25,10,265,1,3,3,Partially cloudy,partly-cloudy-day,"E4214,VTBS,VTBD"
bangkok,2026-04-12T15:00:00,37.2,41.2,20.9,38.76,0,0,,0,0,31.7,17.2,204,1005.4,25,10,550,2,6,10,Partially cloudy,partly-cloudy-day,"E4214,VTBS,VTBD"
bangkok,2026-04-12T16:00:00,36.6,38.5,18.6,34.86,0,0,,0,0,32.4,18,194,1005,25,10,405,1.5,4,10,Partially cloudy,partly-cloudy-day,"E4214,VTBS,VTBD"
bangkok,2026-04-12T17:00:00,35.2,36.7,18.3,36.95,0,0,,0,0,32.4,19.8,190,1005,25,10,171,0.6,2,10,Partially cloudy,partly-cloudy-day,"E4214,VTBS,VTBD"
bangkok,2026-04-12T18:00:00,34.2,35.8,18.7,39.96,0,0,,0,0,31.7,18.7,180,1005,25,10,18,0.1,0,10,Partially cloudy,partly-cloudy-day,"E4214,VTBS,VTBD"
bangkok,2026-04-12T19:00:00,32.6,33.7,18.3,42.81,0,0,,0,0,27,17.2,187,1006,25,10,4,0,0,5,Partially cloudy,partly-cloudy-night,"E4214,VTBS,VTBD"
bangkok,2026-04-12T20:00:00,31.6,34.5,21,53.67,0,0,,0,0,24.1,15.4,194,1006,25,10,0,0,0,5,Partially cloudy,partly-cloudy-night,"E4214,VTBS,VTBD"
bangkok,2026-04-12T21:00:00,31,34.8,22.3,60.13,0,0,,0,0,24.1,18,190,1007,25,10,0,0,0,3,Partially cloudy,partly-cloudy-night,"E4214,VTBS,VTBD"
bangkok,2026-04-12T22:00:00,31,35.4,22.9,62.49,0,0,,0,0,24.8,21.2,184,1008,25,10,0,0,0,3,Partially cloudy,partly-cloudy-night,"E4214,VTBS,VTBD"
bangkok,2026-04-12T23:00:00,30.6,34.3,22.3,61.4,0,0,,0,0,24.8,15.4,184,1008,25,10,0,0,0,3,Partially cloudy,partly-cloudy-night,"E4214,VTBS,VTBD"
bangkok,2026-04-13T00:00:00,29.3,32.4,21.9,64.59,0,0,,0,0,24.5,13.1,196,1008,25,10,0,0,0,3,Partially cloudy,partly-cloudy-night,"E4214,VTBS,VTBD"
bangkok,2026-04-13T01:00:00,29.6,33.5,22.9,67.58,0,0,,0,0,24.1,16.1,200,1007,25,10,0,0,0,30,Partially cloudy,partly-cloudy-night,"E4214,VTBS,VTBD"
bangkok,2026-04-13T02:00:00,30,35,24,70.28,0,0,,0,0,22.7,14.6,194,1007,25,10,0,0,0,30,Partially cloudy,partly-cloudy-night,"E4214,VTBS,VTBD"
bangkok,2026-04-13T03:00:00,30,35.4,24.3,71.84,0,0,,0,0,20.5,14.9,190,1007,25,10,0,0,0,60,Partially cloudy,partly-cloudy-night,"E4214,VTBS,VTBD"
bangkok,2026-04-13T04:00:00,29.3,35,25,77.4,0,0,,0,0,15.8,14.3,190,1007,34.1,10,0,0,0,60,Partially cloudy,partly-cloudy-night,"E4214,VTBS,VTBD"
bangkok,2026-04-13T05:00:00,29,35.1,25.6,82.09,0,0,,0,0,11.5,12,196,1008,34.1,10,0,0,0,60,Partially cloudy,partly-cloudy-night,"E4214,VTBS,VTBD"
bangkok,2026-04-13T06:00:00,30,36.8,25.6,77.49,0,0,,0,0,8.6,10.2,174,1008.6,40.9,10,1,0,0,30,Partially cloudy,partly-cloudy-night,"E4214,VTBS,VTBD"
bangkok,2026-04-13T07:00:00,30,36.8,25.6,77.49,0,0,,0,0,10.4,9.5,161,1009,40.9,10,85,0.3,1,30,Partially cloudy,partly-cloudy-day,"E4214,VTBS,VTBD"
bangkok,2026-04-13T08:00:00,30.3,37.4,25.6,75.88,0,0,,0,0,16.2,9,190,1010,50,10,113,0.4,1,30,Partially cloudy,partly-cloudy-day,"E4214,VTBS,VTBD"
bangkok,2026-04-13T09:00:00,32,35.2,21.4,53.76,0,0,,0,0,19.1,12.3,234,1011,50,10,571,2.1,6,10,Partially cloudy,partly-cloudy-day,"E4214,VTBS,VTBD"
bangkok,2026-04-13T10:00:00,34.2,38.9,22.3,50.01,0,0,,0,0,21.6,13.6,180,1011,34.1,10,819,2.9,8,10,Partially cloudy,partly-cloudy-day,"E4214,VTBS,VTBD"
bangkok,2026-04-13T11:00:00,34.9,40.4,22.9,49.61,0,0,,0,0,24.5,15.7,203,1011,25,10,563,2,6,3,Partially cloudy,partly-cloudy-day,"E4214,VTBS,VTBD"
bangkok,2026-04-13T12:00:00,35.6,38.6,20.2,40.77,0,0,,0,0,27.4,15.9,200,1010,25,10,840,3,8,10,Partially cloudy,partly-cloudy-day,"E4214,VTBS,VTBD"
bangkok,2026-04-13T13:00:00,36.2,39.4,20.2,39.37,0,0,,0,0,29.2,19.8,204,1009,25,10,762,2.7,8,10,Partially cloudy,partly-cloudy-day,"E4214,VTBS,VTBD"
bangkok,2026-04-13T14:00:00,37.2,39.8,19.3,35.24,0,0,,0,0,32,15.2,191,1008,25,10,697,2.5,7,10,Partially cloudy,partly-cloudy-day,"E4214,VTBS,VTBD"
bangkok,2026-04-13T15:00:00,37.2,38.5,17.4,31.28,0,0,,0,0,31.7,19.3,204,1007,25,10,576,2.1,6,10,Partially cloudy,partly-cloudy-day,"E4214,VTBS,VTBD"
bangkok,2026-04-13T16:00:00,37.2,37.8,16.1,28.86,0,0,,0,0,30.6,17.5,213,1006.4,25,10,420,1.5,4,3,Partially cloudy,partly-cloudy-day,"E4214,VTBS,VTBD"
bangkok,2026-04-13T17:00:00,35.9,38,19,37.35,0,0,,0,0,28.8,16.9,190,1006.4,25,10,145,0.5,1,3,Partially cloudy,partly-cloudy-day,"E4214,VTBS,VTBD"
bangkok,2026-04-13T18:00:00,34.2,36,19,40.89,0,0,,0,0,26.6,14.9,177,1007,25,10,18,0.1,0,10,Partially cloudy,partly-cloudy-day,"E4214,VTBS,VTBD"
bangkok,2026-04-13T19:00:00,32.6,36.2,21.7,52.72,0,0,,0,0,22.3,15.4,197,1007,25,10,0,0,0,30,Partially cloudy,partly-cloudy-night,"E4214,VTBS,VTBD"
bangkok,2026-04-13T20:00:00,32,37.1,23.3,60.35,0,0,,0,0,22,18,197,1008,25,10,0,0,0,60,Partially cloudy,partly-cloudy-night,"E4214,VTBS,VTBD"
bangkok,2026-04-13T21:00:00,31,37.6,25,70.47,0,0,,0,0,22.3,18.7,194,1009,25,10,0,0,0,60,Partially cloudy,partly-cloudy-night,"E4214,VTBS,VTBD"
bangkok,2026-04-13T22:00:00,31,37.6,25,70.47,0,0,,0,0,24.1,18,190,1010,25,10,0,0,0,60,Partially cloudy,partly-cloudy-night,"E4214,VTBS,VTBD"
bangkok,2026-04-13T23:00:00,30.6,37.1,25,71.95,0,0,,0,0,25.2,16.1,184,1010,25,10,0,0,0,60,Partially cloudy,partly-cloudy-night,"E4214,VTBS,VTBD"
bangkok,2026-04-14T00:00:00,30,37.3,26,79.19,0,0,,0,0,25.6,17.5,196,1009,25,10,0,0,0,60,Partially cloudy,partly-cloudy-night,"E4214,VTBS,VTBD"
bangkok,2026-04-14T01:00:00,30,37.3,26,79.19,0,0,,0,0,25.2,17.5,190,1009,34.1,10,0,0,0,60,Partially cloudy,partly-cloudy-night,"E4214,VTBS,VTBD"
bangkok,2026-04-14T02:00:00,30,37.3,26,79.19,0,0,,0,0,23,14.3,187,1008,34.1,10,0,0,0,60,Partially cloudy,partly-cloudy-night,"E4214,VTBS,VTBD"
bangkok,2026-04-14T03:00:00,30,37.3,26,79.19,0,0,,0,0,20.9,12.5,194,1008,34.1,10,0,0,0,60,Partially cloudy,partly-cloudy-night,"E4214,VTBS,VTBD"
bangkok,2026-04-14T04:00:00,29.3,36.2,26,82.14,0,0,,0,0,15.5,8.9,200,1008,50,10,0,0,0,30,Partially cloudy,partly-cloudy-night,"E4214,VTBS,VTBD"
bangkok,2026-04-14T05:00:00,29,35.5,26,83.89,0,0,,0,0,10.1,10,203,1008,25,10,0,0,0,30,Partially cloudy,partly-cloudy-night,"E4214,VTBS,VTBD"
bangkok,2026-04-14T06:00:00,29.3,36.2,26,82.14,0,0,,0,0,7.6,9.4,193,1009,25,10,2,0,0,30,Partially cloudy,partly-cloudy-night,"E4214,VTBS,VTBD"
bangkok,2026-04-14T07:00:00,30,37.3,26,79.19,0,0,,0,0,8.3,8.9,177,1009.4,25,10,75,0.3,1,30,Partially cloudy,partly-cloudy-day,"E4214,VTBS,VTBD"
bangkok,2026-04-14T08:00:00,31.6,39.4,25.6,70.58,0,0,,0,0,14.8,7.5,200,1010,34.1,10,252,0.9,3,30,Partially cloudy,partly-cloudy-day,"E4214,VTBS,VTBD"
bangkok,2026-04-14T09:00:00,32.6,37.9,23.3,58.23,0,0,,0,0,16.6,6.2,200,1011,34.1,10,349,1.3,3,30,Partially cloudy,partly-cloudy-day,"E4214,VTBS,VTBD"
bangkok,2026-04-14T10:00:00,34.2,39.3,22.7,51.13,0,0,,0,0,17.3,10.7,180,1011,34.1,10,739,2.7,7,30,Partially cloudy,partly-cloudy-day,"E4214,VTBS,VTBD"
bangkok,2026-04-14T11:00:00,35.6,41.8,23.3,49.25,0,0,,0,0,18.7,9.5,200,1010.4,34.1,10,662,2.4,7,10,Partially cloudy,partly-cloudy-day,"E4214,VTBS,VTBD"
bangkok,2026-04-14T12:00:00,36.2,40.7,21.7,43.07,0,0,,0,0,21.6,10,238,1010,25,10,733,2.6,7,10,Partially cloudy,partly-cloudy-day,"E4214,VTBS,VTBD"
bangkok,2026-04-14T13:00:00,37.5,42.7,22,41.09,0,0,,0,0,33.5,11.3,223,1008.4,25,10,761,2.7,8,10,Partially cloudy,partly-cloudy-day,"E4214,VTBS,VTBD"
bangkok,2026-04-14T14:00:00,36.9,40.9,21,40.01,0,0,,0,0,27.4,12,213,1007.4,40.9,10,607,2.2,6,10,Partially cloudy,partly-cloudy-day,"E4214,VTBS,VTBD"
bangkok,2026-04-14T15:00:00,37.9,41.5,20.3,36.22,0,0,,0,0,28.4,12.5,196,1006.4,25,10,140,0.5,1,10,Partially cloudy,partly-cloudy-day,"E4214,VTBS,VTBD"
bangkok,2026-04-14T16:00:00,37.9,40.3,18.9,33.08,0,0,,0,0,28.8,17.5,210,1005.4,25,10,333,1.2,3,10,Partially cloudy,partly-cloudy-day,"E4214,VTBS,VTBD"
bangkok,2026-04-14T17:00:00,35.9,39.3,20.7,41.33,0,0,,0,0,29.2,20,196,1005.4,25,10,126,0.5,1,3,Partially cloudy,partly-cloudy-day,"E4214,VTBS,VTBD"
bangkok,2026-04-14T18:00:00,34.2,37.3,20.7,45.24,0,0,,0,0,28.1,18,194,1006,25,10,60,0.2,1,3,Partially cloudy,partly-cloudy-day,"E4214,VTBS,VTBD"
bangkok,2026-04-14T19:00:00,32.2,35.5,21.4,52.94,0,0,,0,0,23.8,16.9,177,1006,25,10,0,0,0,3,Partially cloudy,partly-cloudy-night,"E4214,VTBS,VTBD"
bangkok,2026-04-14T20:00:00,31.6,34.8,21.4,54.88,0,0,,0,0,20.9,13.8,184,1007,25,10,0,0,0,8,Partially cloudy,partly-cloudy-night,"E4214,VTBS,VTBD"
bangkok,2026-04-14T21:00:00,31,35.1,22.7,61.48,0,0,,0,0,19.8,14.6,190,1007,25,10,0,0,0,15,Partially cloudy,partly-cloudy-night,"E4214,VTBS,VTBD"
bangkok,2026-04-14T22:00:00,31,37.2,24.6,68.94,0,0,,0,0,21.6,16.6,207,1008,25,10,0,0,0,15,Partially cloudy,partly-cloudy-night,"E4214,VTBS,VTBD"
bangkok,2026-04-14T23:00:00,30,37.3,26,79.19,0,0,,0,0,23,17.2,190,1008,25,10,0,0,0,15,Partially cloudy,partly-cloudy-night,"E4214,VTBS,VTBD"
bangkok,2026-04-15T00:00:00,30,36.8,25.6,77.49,0,0,,0,0,24.5,19.1,190,1008,25,10,0,0,0,15,Partially cloudy,partly-cloudy-night,"E4214,VTBS,VTBD"
bangkok,2026-04-15T01:00:00,30,37.3,26,79.19,0,0,,0,0,25.2,14.9,180,1007,25,10,0,0,0,60,Partially cloudy,partly-cloudy-night,"E4214,VTBS,VTBD"
bangkok,2026-04-15T02:00:00,30,37.3,26,79.19,0,0,,0,0,23,14.6,184,1006.6,25,10,0,0,0,60,Partially cloudy,partly-cloudy-night,"E4214,VTBS,VTBD"
bangkok,2026-04-15T03:00:00,29.3,35.4,25.3,79.1,0,0,,0,0,20.2,11.2,197,1006,25,10,0,0,0,60,Partially cloudy,partly-cloudy-night,"E4214,VTBS,VTBD"
bangkok,2026-04-15T04:00:00,29,35.1,25.6,82.09,0,0,,0,0,15.1,9.8,181,1006,25,10,0,0,0,30,Partially cloudy,partly-cloudy-night,"E4214,VTBS,VTBD"
bangkok,2026-04-15T05:00:00,29.3,35.7,25.6,80.38,0,0,,0,0,11.9,8.2,161,1006,25,10,0,0,0,60,Partially cloudy,partly-cloudy-night,"E4214,VTBS,VTBD"
bangkok,2026-04-15T06:00:00,29,35.1,25.6,82.09,0,0,,0,0,10.1,8.9,164,1007,25,10,3,0,0,60,Partially cloudy,partly-cloudy-night,"E4214,VTBS,VTBD"
bangkok,2026-04-15T07:00:00,29.3,36.2,26,82.14,0,0,,0,0,22.7,11.3,119,1008,34.1,10,69,0.2,1,60,Partially cloudy,partly-cloudy-day,"E4214,VTBS,VTBD"
bangkok,2026-04-15T08:00:00,30.3,37.9,26,77.54,0,0,,0,0,20.9,12.6,136,1009,34.1,10,291,1,3,60,Partially cloudy,partly-cloudy-day,"E4214,VTBS,VTBD"
bangkok,2026-04-15T09:00:00,32.6,38.6,24,60.5,0,0,,0,0,19.8,13.8,190,1010,34.1,10,603,2.2,6,60,Partially cloudy,partly-cloudy-day,"E4214,VTBS,VTBD"
bangkok,2026-04-15T10:00:00,33.6,40.8,24.6,59.41,0,0,,0,0,18,17,180,1010,34.1,10,310,1.1,3,60,Partially cloudy,partly-cloudy-day,"E4214,VTBS,VTBD"
bangkok,2026-04-15T11:00:00,35.2,42.1,24,52.22,0,0,,0,0,16.2,16.1,190,1010,34.1,10,781,2.8,8,30,Partially cloudy,partly-cloudy-day,"E4214,VTBS,VTBD"
bangkok,2026-04-15T12:00:00,35.9,43,24,50.42,0,0,,0,0,15.5,17.2,196,1009,34.1,10,749,2.7,7,30,Partially cloudy,partly-cloudy-day,"E4214,VTBS,VTBD"
bangkok,2026-04-15T13:00:00,36.2,42.9,23.6,48.34,0,0,,0,0,15.8,18,196,1008,25,10,756,2.7,8,30,Partially cloudy,partly-cloudy-day,"E4214,VTBS,VTBD"
bangkok,2026-04-15T14:00:00,36.2,42.6,23.3,47.56,0,0,,0,0,16.9,18,200,1007,25,10,637,2.3,6,10,Partially cloudy,partly-cloudy-day,"E4214,VTBS,VTBD"
bangkok,2026-04-15T15:00:00,36.2,40.4,21.3,42.12,0,0,,0,0,17.3,16.9,201,1006,25,10,526,1.9,5,10,Partially cloudy,partly-cloudy-day,"E4214,VTBS,VTBD"
bangkok,2026-04-15T16:00:00,35.9,39.7,21,42.27,0,0,,0,0,16.6,16.1,209,1005,25,10,373,1.3,4,10,Partially cloudy,partly-cloudy-day,"E4214,VTBS,VTBD"
bangkok,2026-04-15T17:00:00,35.9,38.3,19.4,38.21,0,0,,0,0,17.6,16.1,190,1005,25,10,143,0.5,1,10,Partially cloudy,partly-cloudy-day,"E4214,VTBS,VTBD"
bangkok,2026-04-15T18:00:00,34.6,36.3,18.8,39.4,0,0,,0,0,21.2,17.2,203,1005,25,10,20,0.1,0,10,Partially cloudy,partly-cloudy-day,"E4214,VTBS,VTBD"
bangkok,2026-04-15T19:00:00,32.6,37.9,23.3,58.23,0,0,,0,0,24.5,15.4,200,1005,25,10,0,0,0,8,Partially cloudy,partly-cloudy-night,"E4214,VTBS,VTBD"
bangkok,2026-04-15T20:00:00,32,37.5,23.7,61.7,0,0,,0,0,29.5,14.8,197,1006,25,10,0,0,0,8,Partially cloudy,partly-cloudy-night,"E4214,VTBS,VTBD"
bangkok,2026-04-15T21:00:00,31,37.3,24.7,69.34,0,0,,0,0,32.8,14.8,197,1007,25,10,0,0,0,15,Partially cloudy,partly-cloudy-night,"E4214,VTBS,VTBD"
bangkok,2026-04-15T22:00:00,31,37.6,25,70.47,0,0,,0,0,37.8,14.3,194,1007,25,10,0,0,0,15,Partially cloudy,partly-cloudy-night,"E4214,VTBS,VTBD"
bangkok,2026-04-15T23:00:00,30,35.7,24.6,73.01,0,0,,0,0,36.7,17.7,200,1008,25,10,0,0,0,60,Partially cloudy,partly-cloudy-night,"E4214,VTBS,VTBD"
bangkok,2026-04-16T00:00:00,30,36.1,25,74.62,0,0,,0,0,34.6,18.4,200,1008,25,10,0,0,0,60,Partially cloudy,partly-cloudy-night,"E4214,VTBS,VTBD"
bangkok,2026-04-16T01:00:00,30,36.1,25,74.62,0,0,,0,0,32,19.1,190,1007,25,10,0,0,0,60,Partially cloudy,partly-cloudy-night,"E4214,VTBS,VTBD"
bangkok,2026-04-16T02:00:00,30,36.8,25.6,77.49,0,0,,0,0,28.8,16.1,190,1007,25,10,0,0,0,60,Partially cloudy,partly-cloudy-night,"E4214,VTBS,VTBD"
bangkok,2026-04-16T03:00:00,30,36.1,25,74.62,0,0,,0,0,25.2,18.7,190,1006.4,25,10,0,0,0,60,Partially cloudy,partly-cloudy-night,"E4214,VTBS,VTBD"
bangkok,2026-04-16T04:00:00,30,36.8,25.6,77.49,0,0,,0,0,23,17.2,196,1006,34.1,10,0,0,0,60,Partially cloudy,partly-cloudy-night,"E4214,VTBS,VTBD"
bangkok,2026-04-16T05:00:00,29.6,36.6,26,80.87,0,0,,0,0,23.8,18,190,1006.6,25,10,0,0,0,60,Partially cloudy,partly-cloudy-night,"E4214,VTBS,VTBD"
bangkok,2026-04-16T06:00:00,29.3,35.7,25.6,80.38,0,0,,0,0,22.7,14.8,190,1007,25,10,4,0,0,60,Partially cloudy,partly-cloudy-night,"E4214,VTBS,VTBD"
bangkok,2026-04-16T07:00:00,30,37.3,26,79.19,0,0,,0,0,20.5,13.6,194,1008,34.1,10,36,0.1,0,60,Partially cloudy,partly-cloudy-day,"E4214,VTBS,VTBD"
bangkok,2026-04-16T08:00:00,31,38.4,25.6,73.18,0,0,,0,0,17.3,15.7,190,1009,34.1,10,114,0.4,1,30,Partially cloudy,partly-cloudy-day,"E4214,VTBS,VTBD"
bangkok,2026-04-16T09:00:00,33,40.5,25,62.92,0,0,,0,0,15.8,10,193,1010,34.1,10,524,1.9,5,30,Partially cloudy,partly-cloudy-day,"E4214,VTBS,VTBD"
bangkok,2026-04-16T10:00:00,34.2,40,23.3,53.13,0,0,,0,0,14,12.5,184,1010,34.1,10,797,2.9,8,30,Partially cloudy,partly-cloudy-day,"E4214,VTBS,VTBD"
bangkok,2026-04-16T11:00:00,35.2,41.3,23.3,50.26,0,0,,0,0,11.9,12.5,180,1009,25,10,390,1.4,4,30,Partially cloudy,partly-cloudy-day,"E4214,VTBS,VTBD"
bangkok,2026-04-16T12:00:00,35.9,42.1,23.3,48.53,0,0,,0,0,12.6,12.5,190,1009,40.9,10,261,0.9,3,30,Partially cloudy,partly-cloudy-day,"E4214,VTBS,VTBD"
bangkok,2026-04-16T13:00:00,36.9,43.8,23.6,46.69,0,0,,0,0,13.7,15.4,200,1007.4,25,10,771,2.8,8,30,Partially cloudy,partly-cloudy-day,"E4214,VTBS,VTBD"
bangkok,2026-04-16T14:00:00,37.2,43,22.6,43.08,0,0,,0,0,15.5,15.4,206,1006.4,40.9,10,686,2.5,7,10,Partially cloudy,partly-cloudy-day,"E4214,VTBS,VTBD"
bangkok,2026-04-16T15:00:00,37.2,42.6,22.2,42.13,0,0,,0,0,16.2,17.2,204,1005.4,25,10,526,1.9,5,10,Partially cloudy,partly-cloudy-day,"E4214,VTBS,VTBD"
bangkok,2026-04-16T16:00:00,37.2,40.7,20.3,37.49,0,0,,0,0,17.6,17.2,204,1005,25,10,350,1.3,4,10,Partially cloudy,partly-cloudy-day,"E4214,VTBS,VTBD"
bangkok,2026-04-16T17:00:00,36.2,39.1,19.9,38.72,0,0,,0,0,19.1,16.9,188,1004.4,25,10,125,0.5,1,10,Partially cloudy,partly-cloudy-day,"E4214,VTBS,VTBD"
bangkok,2026-04-16T18:00:00,35.2,37.7,19.7,40.23,0,0,,0,0,20.5,14.9,194,1004.4,25,10,18,0.1,0,30,Partially cloudy,partly-cloudy-day,"E4214,VTBS,VTBD"
bangkok,2026-04-16T19:00:00,32.2,36.1,22,55.04,0,0,,0,0,21.6,16.9,196,1005.4,25,10,0,0,0,8,Partially cloudy,partly-cloudy-night,"E4214,VTBS,VTBD"
bangkok,2026-04-16T20:00:00,31.6,37.7,24.3,65.44,0,0,,0,0,27.4,18,200,1006,25,10,0,0,0,8,Partially cloudy,partly-cloudy-night,"E4214,VTBS,VTBD"
bangkok,2026-04-16T21:00:00,31,37.6,25,70.47,0,0,,0,0,31,19.8,200,1007,25,10,0,0,0,15,Partially cloudy,partly-cloudy-night,"E4214,VTBS,VTBD"
bangkok,2026-04-16T22:00:00,30.3,37.9,26,77.54,0,0,,0,0,34.6,19.1,200,1008,25,10,0,0,0,15,Partially cloudy,partly-cloudy-night,"E4214,VTBS,VTBD"
bangkok,2026-04-16T23:00:00,30,37.3,26,79.19,0,0,,0,0,36,16.4,194,1008,25,10,0,0,0,15,Partially cloudy,partly-cloudy-night,"E4214,VTBS,VTBD"
bangkok,2026-04-17T00:00:00,30,37.3,26,79.19,0,0,,0,0,37.1,18.2,200,1008,25,10,0,0,0,15,Partially cloudy,partly-cloudy-night,"E4214,VTBS,VTBD"
bangkok,2026-04-17T01:00:00,30,37.3,26,79.19,0,0,,0,0,36.7,16.9,190,1008,34.1,10,0,0,0,60,Partially cloudy,partly-cloudy-night,"E4214,VTBS,VTBD"
bangkok,2026-04-17T02:00:00,30,36.8,25.6,77.49,0,0,,0,0,33.8,15.7,184,1008,25,10,0,0,0,60,Partially cloudy,partly-cloudy-night,"E4214,VTBS,VTBD"
bangkok,2026-04-17T03:00:00,30,36.8,25.6,77.49,0,0,,0,0,30.6,14.9,180,1007,34.1,10,0,0,0,60,Partially cloudy,partly-cloudy-night,"E4214,VTBS,VTBD"
bangkok,2026-04-17T04:00:00,30,36.8,25.6,77.49,0,0,,0,0,29.9,11.8,171,1007,25,10,0,0,0,60,Partially cloudy,partly-cloudy-night,"E4214,VTBS,VTBD"
bangkok,2026-04-17T05:00:00,29.3,35.7,25.6,80.38,0,0,,0,0,28.8,11.2,184,1008,48,10,0,0,0,60,Partially cloudy,partly-cloudy-night,"E4214,VTBS,VTBD"
bangkok,2026-04-17T06:00:00,30,36.8,25.6,77.49,0,0,,0,0,28.1,13.6,180,1008,48,10,5,0,0,60,Partially cloudy,partly-cloudy-night,"E4214,VTBS,VTBD"
bangkok,2026-04-17T07:00:00,30,36.8,25.6,77.49,0,0,,0,0,24.1,14.6,174,1009,25,10,78,0.3,1,75,Partially cloudy,partly-cloudy-day,"E4214,VTBS,VTBD"
bangkok,2026-04-17T08:00:00,31.6,39.4,25.6,70.58,0,0,,0,0,20.2,19.3,174,1010,34.1,10,263,0.9,3,75,Partially cloudy,partly-cloudy-day,"E4214,VTBS,VTBD"
bangkok,2026-04-17T09:00:00,32.6,40.9,25.6,66.7,0,0,,0,0,19.1,19.8,186,1010,34.1,10,248,0.9,2,75,Partially cloudy,partly-cloudy-day,"E4214,VTBS,VTBD"
bangkok,2026-04-17T10:00:00,33.6,41.3,25,60.72,0,0,,0,0,19.1,18.8,199,1010,34.1,10,556,2,6,60,Partially cloudy,partly-cloudy-day,"E4214,VTBS,VTBD"
bangkok,2026-04-17T11:00:00,35.2,42.1,24,52.22,0,0,,0,0,19.1,18.7,196,1010,50,10,779,2.8,8,60,Partially cloudy,partly-cloudy-day,"E4214,VTBS,VTBD"
bangkok,2026-04-17T12:00:00,34.6,41.3,24,54.09,0,0,,0,0,18.7,17.2,209,1009.4,50,10,764,2.8,8,60,Partially cloudy,partly-cloudy-day,"E4214,VTBS,VTBD"
bangkok,2026-04-17T13:00:00,35.6,42.6,24,51.17,0,0,,0,0,17.3,16.4,197,1008,50,10,320,1.2,3,30,Partially cloudy,partly-cloudy-day,"E4214,VTBS,VTBD"
bangkok,2026-04-17T14:00:00,35.9,43.3,24.2,51.24,0,0,,0,0,16.2,18,196,1007,40.9,10,220,0.8,2,30,Partially cloudy,partly-cloudy-day,"E4214,VTBS,VTBD"
bangkok,2026-04-17T15:00:00,35.6,43,24.2,52.01,0,0,,0,0,16.2,20.5,191,1006,25,10,528,1.9,5,30,Partially cloudy,partly-cloudy-day,"E4214,VTBS,VTBD"
bangkok,2026-04-17T16:00:00,35.6,41.7,23.2,48.97,0,0,,0,0,18.7,17.5,204,1005,25,10,348,1.3,3,10,Partially cloudy,partly-cloudy-day,"E4214,VTBS,VTBD"
bangkok,2026-04-17T17:00:00,35.2,41.2,23.2,49.97,0,0,,0,0,19.8,20,184,1004.4,25,10,103,0.4,1,10,Partially cloudy,partly-cloudy-day,"E4214,VTBS,VTBD"
bangkok,2026-04-17T18:00:00,33.6,38.4,22.6,52.66,0,0,,0,0,21.2,21.1,190,1006,25,10,20,0.1,0,3,Partially cloudy,partly-cloudy-day,"E4214,VTBS,VTBD"
bangkok,2026-04-17T19:00:00,32,36.7,22.9,59.03,0,0,,0,0,28.1,19.3,196,1006.4,25,10,0,0,0,8,Partially cloudy,partly-cloudy-night,"E4214,VTBS,VTBD"
bangkok,2026-04-17T20:00:00,31,35.5,23,62.85,0,0,,0,0,33.8,21.8,200,1007,25,10,0,0,0,60,Partially cloudy,partly-cloudy-night,"E4214,VTBS,VTBD"
bangkok,2026-04-17T21:00:00,31.6,36.6,23.3,61.62,0,0,,0,0,24.8,19.1,177,1008,25,10,0,0,0,8,Partially cloudy,partly-cloudy-night,"E4214,VTBS,VTBD"
bangkok,2026-04-17T22:00:00,31,36.7,24.2,67.45,0,0,,0,0,28.4,19.1,180,1009,25,10,0,0,0,60,Partially cloudy,partly-cloudy-night,"E4214,VTBS,VTBD"
bangkok,2026-04-17T23:00:00,31,36.4,24,66.37,0,0,,0,0,31.3,21.7,184,1009,25,10,0,0,0,60,Partially cloudy,partly-cloudy-night,"E4214,VTBS,VTBD"
bangkok,2026-04-18T00:00:00,30,36.1,25,74.62,0,0,,0,0,30.6,16.1,174,1009,25,10,0,0,0,60,Partially cloudy,partly-cloudy-night,"E4214,VTBS,VTBD"
bangkok,2026-04-18T01:00:00,30,36.1,25,74.62,0,0,,0,0,27,18.4,174,1009,25,10,0,0,0,60,Partially cloudy,partly-cloudy-night,"E4214,VTBS,VTBD"
bangkok,2026-04-18T02:00:00,30,36.1,25,74.62,0,0,,0,0,24.1,13.6,184,1008,25,10,0,0,0,60,Partially cloudy,partly-cloudy-night,"E4214,VTBS,VTBD"
bangkok,2026-04-18T03:00:00,30,36.1,25,74.62,0,0,,0,0,23.8,11.8,174,1007,25,10,0,0,0,60,Partially cloudy,partly-cloudy-night,"E4214,VTBS,VTBD"
bangkok,2026-04-18T04:00:00,29.6,35.5,25,76.21,0,0,,0,0,23,13,177,1007,25,10,0,0,0,60,Partially cloudy,partly-cloudy-night,"E4214,VTBS,VTBD"
bangkok,2026-04-18T05:00:00,29,35.1,25.6,82.09,0,0,,0,0,24.5,9.4,161,1007,25,10,0,0,0,60,Partially cloudy,partly-cloudy-night,"E4214,VTBS,VTBD"
bangkok,2026-04-18T06:00:00,28.3,33.6,25.3,83.82,0,0,,0,0,24.1,12.3,105,1008,40.9,9.4,4,0,0,60,Partially cloudy,partly-cloudy-night,"E4214,VTBS,VTBD"
bangkok,2026-04-18T07:00:00,28.7,34.3,25.3,82.06,0,0,,0,0,21.6,10.5,122,1008,25,9.4,75,0.3,1,60,Partially cloudy,partly-cloudy-day,"E4214,VTBS,VTBD"
bangkok,2026-04-18T08:00:00,30.3,37.4,25.6,75.88,0,0,,0,0,21.6,13.1,135,1009,34.1,10,232,0.8,2,60,Partially cloudy,partly-cloudy-day,"E4214,VTBS,VTBD"
bangkok,2026-04-18T09:00:00,32,39.4,25.2,67.65,0,0,,0,0,20.2,11.8,145,1010,34.1,10,419,1.5,4,60,Partially cloudy,partly-cloudy-day,"E4214,VTBS,VTBD"
bangkok,2026-04-18T10:00:00,33.6,40.8,24.6,59.41,0,0,,0,0,18.7,13.6,204,1010,34.1,10,698,2.5,7,60,Partially cloudy,partly-cloudy-day,"E4214,VTBS,VTBD"
bangkok,2026-04-18T11:00:00,35.2,42.1,24,52.22,0,0,,0,0,17.6,13.1,194,1009,25,10,706,2.5,7,60,Partially cloudy,partly-cloudy-day,"E4214,VTBS,VTBD"
bangkok,2026-04-18T12:00:00,36.2,43.9,24.3,50.51,0,0,,0,0,17.3,14.6,200,1008.4,25,10,742,2.7,7,60,Partially cloudy,partly-cloudy-day,"E4214,VTBS,VTBD"
bangkok,2026-04-18T13:00:00,36.9,44.8,24.3,48.79,0,0,,0,0,16.2,12.5,200,1007.4,25,10,446,1.6,4,30,Partially cloudy,partly-cloudy-day,"E4214,VTBS,VTBD"
bangkok,2026-04-18T14:00:00,36.9,44.8,24.3,48.79,0,0,,0,0,14.4,14.6,199,1006.4,25,10,603,2.2,6,30,Partially cloudy,partly-cloudy-day,"E4214,VTBS,VTBD"
bangkok,2026-04-18T15:00:00,36.9,45.2,24.6,49.58,0,0,,0,0,15.1,18.4,204,1005.4,25,10,445,1.6,4,10,Partially cloudy,partly-cloudy-day,"E4214,VTBS,VTBD"
bangkok,2026-04-18T16:00:00,36.2,42.8,23.5,48.06,0,0,,0,0,18.4,17.2,197,1005,40.9,10,73,0.3,1,10,Partially cloudy,partly-cloudy-day,"E4214,VTBS,VTBD"
bangkok,2026-04-18T17:00:00,35.2,41.2,23.2,49.97,0.1,100,rain,0,0,18.4,16.1,194,1005,25,10,126,0.5,1,10,"Rain, Partially cloudy",rain,"E4214,VTBS,VTBD"
bangkok,2026-04-18T18:00:00,34.2,37.9,21.3,47.04,0,0,,0,0,24.1,18.2,184,1005,25,10,34,0.1,0,3,Partially cloudy,partly-cloudy-day,"E4214,VTBS,VTBD"
bangkok,2026-04-18T19:00:00,32.6,37.5,22.9,56.95,0,0,,0,0,22.3,19.8,190,1006,25,10,0,0,0,3,Partially cloudy,partly-cloudy-night,"E4214,VTBS,VTBD"
bangkok,2026-04-18T20:00:00,31.6,37.3,24,64.02,0,0,,0,0,25.2,19.8,194,1007,25,10,0,0,0,3,Partially cloudy,partly-cloudy-night,"E4214,VTBS,VTBD"
bangkok,2026-04-18T21:00:00,31,36.4,24,66.37,0,0,,0,0,29.5,18,206,1007,25,10,0,0,0,8,Partially cloudy,partly-cloudy-night,"E4214,VTBS,VTBD"
bangkok,2026-04-18T22:00:00,31,36,23.6,64.93,0,0,,0,0,31.7,20.5,190,1008,25,10,0,0,0,8,Partially cloudy,partly-cloudy-night,"E4214,VTBS,VTBD"
bangkok,2026-04-18T23:00:00,31,35.7,23.3,63.88,0,0,,0,0,34.6,20.5,184,1008,25,10,0,0,0,8,Partially cloudy,partly-cloudy-night,"E4214,VTBS,VTBD"
bangkok,2026-04-19T00:00:00,30.6,35.9,24,67.77,0,0,,0,0,33.1,17.2,184,1008,25,10,0,0,0,8,Partially cloudy,partly-cloudy-night,"E4214,VTBS,VTBD"
bangkok,2026-04-19T01:00:00,30,36.1,25,74.62,0,0,,0,0,30.6,15.7,177,1008,25,10,0,0,0,8,Partially cloudy,partly-cloudy-night,"E4214,VTBS,VTBD"
bangkok,2026-04-19T02:00:00,30,36.1,25,74.62,0,0,,0,0,30.6,16.9,174,1008,48,10,0,0,0,30,Partially cloudy,partly-cloudy-night,"E4214,VTBS,VTBD"
bangkok,2026-04-19T03:00:00,30,36.1,25,74.62,0,0,,0,0,29.9,14.6,184,1007,48,10,0,0,0,30,Partially cloudy,partly-cloudy-night,"E4214,VTBS,VTBD"
bangkok,2026-04-19T04:00:00,30,36.1,25,74.62,0,0,,0,0,29.5,14.3,177,1007,34.1,10,0,0,0,30,Partially cloudy,partly-cloudy-night,"E4214,VTBS,VTBD"
bangkok,2026-04-19T05:00:00,30,36.1,25,74.62,0,0,,0,0,27.7,16.1,167,1007,25,10,0,0,0,60,Partially cloudy,partly-cloudy-night,"E4214,VTBS,VTBD"
bangkok,2026-04-19T06:00:00,30,36.1,25,74.62,0,0,,0,0,26.6,14.9,174,1008,25,10,5,0,0,60,Partially cloudy,partly-cloudy-night,"E4214,VTBS,VTBD"
bangkok,2026-04-19T07:00:00,30,36.1,25,74.62,0,0,,0,0,25.9,13.8,174,1008,25,10,79,0.3,1,60,Partially cloudy,partly-cloudy-day,"E4214,VTBS,VTBD"
bangkok,2026-04-19T08:00:00,31.6,38.1,24.6,66.5,0,0,,0,0,23.8,18.2,190,1009,25,10,158,0.6,2,60,Partially cloudy,partly-cloudy-day,"E4214,VTBS,VTBD"
bangkok,2026-04-19T09:00:00,33,40.5,25,62.92,0,0,,0,0,21.2,21.1,180,1009,25,10,382,1.4,4,30,Partially cloudy,partly-cloudy-day,"E4214,VTBS,VTBD"
bangkok,2026-04-19T10:00:00,33.6,40,24,57.19,0,0,,0,0,20.9,17.5,181,1009.4,25,10,678,2.4,7,30,Partially cloudy,partly-cloudy-day,"E4214,VTBS,VTBD"
bangkok,2026-04-19T11:00:00,34.2,41.7,24.6,57.34,0,0,,0,0,19.4,17.5,194,1009.4,25,10,708,2.5,7,30,Partially cloudy,partly-cloudy-day,"E4214,VTBS,VTBD"
bangkok,2026-04-19T12:00:00,35.6,43.5,24.6,53.16,0,0,,0,0,18.7,15.7,196,1009,25,10,674,2.4,7,30,Partially cloudy,partly-cloudy-day,"E4214,VTBS,VTBD"
bangkok,2026-04-19T13:00:00,35.6,42.6,24,51.17,0,0,,0,0,18.7,15.7,196,1008,25,10,569,2,6,30,Partially cloudy,partly-cloudy-day,"E4214,VTBS,VTBD"
bangkok,2026-04-19T14:00:00,36.2,42.9,23.6,48.34,0,0,,0,0,18.7,16.1,200,1006.4,25,10,534,1.9,5,30,Partially cloudy,partly-cloudy-day,"E4214,VTBS,VTBD"
bangkok,2026-04-19T15:00:00,36.2,42.5,23.2,47.29,0,0,,0,0,19.1,18,206,1005,25,10,453,1.6,5,10,Partially cloudy,partly-cloudy-day,"E4214,VTBS,VTBD"
bangkok,2026-04-19T16:00:00,35.6,41.7,23.2,48.97,0,0,,0,0,22,19.3,184,1004.4,25,10,270,1,3,10,Partially cloudy,partly-cloudy-day,"E4214,VTBS,VTBD"
bangkok,2026-04-19T17:00:00,34.2,38.1,21.6,47.82,0,0,,0,0,26.3,21.8,186,1004.4,25,10,117,0.4,1,10,Partially cloudy,partly-cloudy-day,"E4214,VTBS,VTBD"
bangkok,2026-04-19T18:00:00,33.6,37.7,21.9,50.67,0,0,,0,0,31,19.8,177,1005,25,10,17,0.1,0,8,Partially cloudy,partly-cloudy-day,"E4214,VTBS,VTBD"
bangkok,2026-04-19T19:00:00,32,37.8,24,62.7,0,0,,0,0,35.3,18.2,194,1005,25,10,0,0,0,8,Partially cloudy,partly-cloudy-night,"E4214,VTBS,VTBD"
bangkok,2026-04-19T20:00:00,31.6,37.7,24.3,65.44,0,0,,0,0,39.2,26.6,190,1006.4,25,10,0,0,0,15,Partially cloudy,partly-cloudy-night,"E4214,VTBS,VTBD"
bangkok,2026-04-19T21:00:00,31.3,36.5,23.6,63.59,0,0,,0,0,39.2,24.8,180,1008,25,10,0,0,0,60,Partially cloudy,partly-cloudy-night,"E4214,VTBS,VTBD"
bangkok,2026-04-19T22:00:00,31,36.8,24.3,67.84,0,0,,0,0,36.7,22.8,176,1009,25,10,0,0,0,60,Partially cloudy,partly-cloudy-night,"E4214,VTBS,VTBD"
bangkok,2026-04-19T23:00:00,31,37.2,24.6,68.94,0,0,,0,0,34.9,19.8,180,1009,25,10,0,0,0,60,Partially cloudy,partly-cloudy-night,"E4214,VTBS,VTBD"
bangkok,2026-04-20T00:00:00,30,35.7,24.6,73.01,0,0,,0,0,34.2,14.9,184,1009,25,10,0,0,0,75,Partially cloudy,partly-cloudy-night,"E4214,VTBS,VTBD"
bangkok,2026-04-20T01:00:00,30.3,36.2,24.6,71.49,0,0,,0,0,30.2,18.7,167,1008,25,10,0,0,0,60,Partially cloudy,partly-cloudy-night,"E4214,VTBS,VTBD"
bangkok,2026-04-20T02:00:00,30.3,36.2,24.6,71.49,0,0,,0,0,28.8,18.7,167,1008,25,10,0,0,0,60,Partially cloudy,partly-cloudy-night,"E4214,VTBS,VTBD"
bangkok,2026-04-20T03:00:00,30,36.1,25,74.62,0,0,,0,0,27,15.9,174,1007.6,25,10,0,0,0,60,Partially cloudy,partly-cloudy-night,"E4214,VTBS,VTBD"
bangkok,2026-04-20T04:00:00,30,36.1,25,74.62,0,0,,0,0,27.4,14.8,167,1007,40.9,10,0,0,0,75,Partially cloudy,partly-cloudy-night,"E4214,VTBS,VTBD"
bangkok,2026-04-20T05:00:00,30,36.1,25,74.62,0,0,,0,0,24.1,13,164,1007,25,10,0,0,0,60,Partially cloudy,partly-cloudy-night,"E4214,VTBS,VTBD"
bangkok,2026-04-20T06:00:00,30,36.8,25.6,77.49,0,0,,0,0,22,11.3,174,1008,40.9,10,3,0,0,60,Partially cloudy,partly-cloudy-night,"E4214,VTBS,VTBD"
bangkok,2026-04-20T07:00:00,29.3,35.7,25.6,80.38,0,0,,0,0,22,11.3,136,1009,50,10,75,0.3,1,60,Partially cloudy,partly-cloudy-day,"E4214,VTBS,VTBD"
bangkok,2026-04-20T08:00:00,30.3,36.6,25,73.07,0,0,,0,0,19.1,16.4,148,1009,34.1,10,208,0.7,2,30,Partially cloudy,partly-cloudy-day,"E4214,VTBS,VTBD"
bangkok,2026-04-20T09:00:00,32.6,39.5,24.6,62.84,0,0,,0,0,17.6,18.7,186,1010,50,10,407,1.5,4,30,Partially cloudy,partly-cloudy-day,"E4214,VTBS,VTBD"
bangkok,2026-04-20T10:00:00,33.6,40,24,57.19,0,0,,0,0,14.4,18.2,177,1010,40.9,10,566,2,6,30,Partially cloudy,partly-cloudy-day,"E4214,VTBS,VTBD"
bangkok,2026-04-20T11:00:00,35.2,41.3,23.3,50.26,0,0,,0,0,12.6,17.5,196,1009,34.1,10,371,1.3,4,30,Partially cloudy,partly-cloudy-day,"E4214,VTBS,VTBD"
bangkok,2026-04-20T12:00:00,35.2,41.3,23.3,50.26,0,0,,0,0,12.6,14.6,193,1009,34.1,10,725,2.6,7,10,Partially cloudy,partly-cloudy-day,"E4214,VTBS,VTBD"
bangkok,2026-04-20T13:00:00,35.9,42.1,23.3,48.53,0,0,,0,0,13.7,18.7,187,1008,34.1,10,555,2,6,10,Partially cloudy,partly-cloudy-day,"E4214,VTBS,VTBD"
bangkok,2026-04-20T14:00:00,35.9,41.4,22.7,46.7,0,0,,0,0,14.4,17.7,190,1006.4,25,10,593,2.1,6,10,Partially cloudy,partly-cloudy-day,"E4214,VTBS,VTBD"
bangkok,2026-04-20T15:00:00,35.9,41,22.3,45.68,0,0,,0,0,14,17,180,1005.4,25,10,451,1.6,5,10,Partially cloudy,partly-cloudy-day,"E4214,VTBS,VTBD"
bangkok,2026-04-20T16:00:00,35.2,40,22.2,47.03,0,0,,0,0,16.2,22.5,196,1004.4,25,10,346,1.2,3,10,Partially cloudy,partly-cloudy-day,"E4214,VTBS,VTBD"
bangkok,2026-04-20T17:00:00,33.6,38.5,22.7,52.97,0,0,,0,0,18.7,23.2,180,1005,25,10,179,0.6,2,10,Partially cloudy,partly-cloudy-day,"E4214,VTBS,VTBD"
bangkok,2026-04-20T18:00:00,32.6,37.2,22.7,56.03,0,0,,0,0,25.2,16.9,167,1005,25,10,45,0.2,0,3,Partially cloudy,partly-cloudy-day,"E4214,VTBS,VTBD"
bangkok,2026-04-20T19:00:00,32,38.2,24.3,64.09,0,0,,0,0,30.2,20.5,167,1006,25,10,1,0,0,8,Partially cloudy,partly-cloudy-night,"E4214,VTBS,VTBD"
bangkok,2026-04-20T20:00:00,31,38.1,25.3,72.02,0,0,,0,0,33.1,21.8,177,1007,25,10,0,0,0,30,Partially cloudy,partly-cloudy-night,"E4214,VTBS,VTBD"
bangkok,2026-04-20T21:00:00,31,37.6,25,70.47,0,0,,0,0,33.5,23,186,1008,25,10,0,0,0,30,Partially cloudy,partly-cloudy-night,"E4214,VTBS,VTBD"
bangkok,2026-04-20T22:00:00,31,37.2,24.6,68.94,0,0,,0,0,32,18,180,1009,25,10,0,0,0,30,Partially cloudy,partly-cloudy-night,"E4214,VTBS,VTBD"
bangkok,2026-04-20T23:00:00,31,37.2,24.6,68.94,0,0,,0,0,32.8,17.7,174,1009,25,10,0,0,0,30,Partially cloudy,partly-cloudy-night,"E4214,VTBS,VTBD"
bangkok,2026-04-21T00:00:00,30.3,36.2,24.6,71.49,0,0,,0,0,32,17.2,167,1009,25,10,0,0,0,30,Partially cloudy,partly-cloudy-night,"E4214,VTBS,VTBD"
bangkok,2026-04-21T01:00:00,30,36.1,25,74.62,0,0,,0,0,29.5,17.5,190,1008,25,10,0,0,0,30,Partially cloudy,partly-cloudy-night,"E4214,VTBS,VTBD"
bangkok,2026-04-21T02:00:00,30,36.1,25,74.62,0,0,,0,0,29.5,16.1,177,1007,25,10,0,0,0,30,Partially cloudy,partly-cloudy-night,"E4214,VTBS,VTBD"
bangkok,2026-04-21T03:00:00,28.7,33.9,25,80.29,0,0,,0,0,28.1,13.1,136,1007,25,10,0,0,0,30,Partially cloudy,partly-cloudy-night,"E4214,VTBS,VTBD"
bangkok,2026-04-21T04:00:00,28.7,33.9,25,80.29,0,0,,0,0,25.6,10.7,136,1007,40.9,10,0,0,0,60,Partially cloudy,partly-cloudy-night,"E4214,VTBS,VTBD"
bangkok,2026-04-21T05:00:00,28.3,33.6,25.3,83.82,0,0,,0,0,24.1,11.8,126,1007,25,10,0,0,0,60,Partially cloudy,partly-cloudy-night,"E4214,VTBS,VTBD"
bangkok,2026-04-21T06:00:00,27.3,31.5,25.3,88.86,0,0,,0,0,24.8,11.2,103,1007,25,9.4,1,0,0,30,Partially cloudy,partly-cloudy-night,"E4214,VTBS,VTBD"
bangkok,2026-04-21T07:00:00,27.7,32.3,25.3,86.98,0,0,,0,0,23,8.2,107,1008,25,8.7,42,0.2,0,30,Partially cloudy,partly-cloudy-day,"E4214,VTBS,VTBD"
bangkok,2026-04-21T08:00:00,29,34.8,25.3,80.79,0,0,,0,0,18.4,10.5,116,1009,34.1,9.4,140,0.5,1,30,Partially cloudy,partly-cloudy-day,"E4214,VTBS,VTBD"
bangkok,2026-04-21T09:00:00,30.3,37.4,25.6,75.88,0,0,,0,0,15.5,10.5,127,1009,34.1,9.4,326,1.2,3,10,Partially cloudy,partly-cloudy-day,"E4214,VTBS,VTBD"
bangkok,2026-04-21T10:00:00,32,39.4,25.2,67.65,0,0,,0,0,14,13,168,1009,40.9,9.4,473,1.7,5,10,Partially cloudy,partly-cloudy-day,"E4214,VTBS,VTBD"
bangkok,2026-04-21T11:00:00,34.2,40.8,24,55.2,0,0,,0,0,12.2,17.5,187,1009,40.9,10,506,1.8,5,10,Partially cloudy,partly-cloudy-day,"E4214,VTBS,VTBD"
bangkok,2026-04-21T12:00:00,34.6,41.3,24,54.09,0,0,,0,0,11.5,18.7,196,1008,40.9,10,640,2.3,6,10,Partially cloudy,partly-cloudy-day,"E4214,VTBS,VTBD"
bangkok,2026-04-21T13:00:00,35.2,40.1,22.3,47.3,0,0,,0,0,12.2,16.4,206,1007,40.9,10,528,1.9,5,10,Partially cloudy,partly-cloudy-day,"E4214,VTBS,VTBD"
bangkok,2026-04-21T14:00:00,35.2,40.9,22.9,49.16,0,0,,0,0,11.9,18,187,1006.4,25,10,511,1.8,5,10,Partially cloudy,partly-cloudy-day,"E4214,VTBS,VTBD"
bangkok,2026-04-21T15:00:00,36.5,38.1,18.3,34.38,0,0,,0,0,11.9,19.4,166.6,1005,4.6,24.1,840,3,8,10,Clear,clear-day,
bangkok,2026-04-21T16:00:00,35.7,36.9,17.9,35.04,0,0,,0,0,15.5,22.3,163,1004,1.2,24.1,658,2.4,7,10,Clear,clear-day,
bangkok,2026-04-21T17:00:00,34.5,35.7,18.1,37.92,0,0,,0,0,27.4,25.2,148.3,1004,0,24.1,432,1.6,4,10,Clear,clear-day,
bangkok,2026-04-21T18:00:00,33.3,35.3,19.6,44.54,0,0,,0,0,32,25.9,158.2,1004,0,24.1,187,0.7,2,3,Clear,clear-day,
bangkok,2026-04-21T19:00:00,31.7,35.5,22.2,57.2,0,0,,0,0,36.7,29.2,174.3,1005,0,24.1,0,0,0,8,Clear,clear-night,
bangkok,2026-04-21T20:00:00,31,35.8,23.4,64.02,0,0,,0,0,36.7,29.2,172.8,1006,0.4,24.1,0,0,0,15,Clear,clear-night,
bangkok,2026-04-21T21:00:00,30.5,35.3,23.6,66.67,0,0,,0,0,34.6,27,170.7,1007,0.3,24.1,0,0,0,30,Clear,clear-night,
bangkok,2026-04-21T22:00:00,30.3,35,23.6,67.44,0,0,,0,0,34.6,25.9,174.6,1008,5.3,24.1,0,0,0,30,Clear,clear-night,
bangkok,2026-04-21T23:00:00,30.1,34.4,23.3,67,0,0,,0,0,34.9,24.5,176,1008,6.2,24.1,0,0,0,30,Clear,clear-night,
